Word;translation;Example;Part of speech;Theme;;;;;;;;;;;;;;;;;;;;;
move;двигать(ся);;verb;Глаголы движения 	;;;;;;;;;;;;;;;;;;;;;
stop;останавливать(ся);;verb;Глаголы движения 	;;;;;;;;;;;;;;;;;;;;;
lift;поднимать;;verb;Глаголы движения 	;;;;;;;;;;;;;;;;;;;;;
raise;поднимать;;verb;Глаголы движения 	;;;;;;;;;;;;;;;;;;;;;
rise;подниматься;;verb;Глаголы движения 	;;;;;;;;;;;;;;;;;;;;;
lower;опускать;;verb;Глаголы движения 	;;;;;;;;;;;;;;;;;;;;;
go out;выходить;;verb;Глаголы движения 	;;;;;;;;;;;;;;;;;;;;;
go in;входить;;verb;Глаголы движения 	;;;;;;;;;;;;;;;;;;;;;
leave;отправляться;;verb;Глаголы движения 	;;;;;;;;;;;;;;;;;;;;;
cross;пересекать;;verb;Глаголы движения 	;;;;;;;;;;;;;;;;;;;;;
go along;идти вдоль;;verb;Глаголы движения 	;;;;;;;;;;;;;;;;;;;;;
follow;следовать;;verb;Глаголы движения 	;;;;;;;;;;;;;;;;;;;;;
turn right / left;повернуть направо / налево;;verb;Глаголы движения 	;;;;;;;;;;;;;;;;;;;;;
arrive;прибывать;;verb;Глаголы движения 	;;;;;;;;;;;;;;;;;;;;;
return;возвращаться;;verb;Глаголы движения 	;;;;;;;;;;;;;;;;;;;;;
go;идти / ехать;;verb;Глаголы движения 	;;;;;;;;;;;;;;;;;;;;;
come;приходить;;verb;Глаголы движения 	;;;;;;;;;;;;;;;;;;;;;
go on foot;идти пешком;;verb;Глаголы движения 	;;;;;;;;;;;;;;;;;;;;;
run;бежать;;verb;Глаголы движения 	;;;;;;;;;;;;;;;;;;;;;
fly;летать;;verb;Глаголы движения 	;;;;;;;;;;;;;;;;;;;;;
ride;скакать / ехать;;verb;Глаголы движения 	;;;;;;;;;;;;;;;;;;;;;
put;ставить;;verb;Глаголы положения	;;;;;;;;;;;;;;;;;;;;;
lay;положить;;verb;Глаголы положения	;;;;;;;;;;;;;;;;;;;;;
lie;лежать;;verb;Глаголы положения	;;;;;;;;;;;;;;;;;;;;;
sit;сидеть;;verb;Глаголы положения	;;;;;;;;;;;;;;;;;;;;;
sit down;садиться;;verb;Глаголы положения	;;;;;;;;;;;;;;;;;;;;;
stand;стоять / ставить;;verb;Глаголы положения	;;;;;;;;;;;;;;;;;;;;;
hang;висеть / вешать;;verb;Глаголы положения	;;;;;;;;;;;;;;;;;;;;;
take off;снять;;verb;Фразовые глаголы	;;;;;;;;;;;;;;;;;;;;;
take out;достать, вынуть;;verb;Фразовые глаголы	;;;;;;;;;;;;;;;;;;;;;
put down;поставить, опустить;;verb;Фразовые глаголы	;;;;;;;;;;;;;;;;;;;;;
put aside;отставить в сторону;;verb;Фразовые глаголы	;;;;;;;;;;;;;;;;;;;;;
put together;собрать вместе;;verb;Фразовые глаголы	;;;;;;;;;;;;;;;;;;;;;
pick up;поднять, подобрать;;verb;Фразовые глаголы	;;;;;;;;;;;;;;;;;;;;;
put in;вложить, вставить;;verb;Фразовые глаголы	;;;;;;;;;;;;;;;;;;;;;
put on;надеть;;verb;Фразовые глаголы	;;;;;;;;;;;;;;;;;;;;;
put off;отложить, отвлекать, отбить желание;;verb;Фразовые глаголы	;;;;;;;;;;;;;;;;;;;;;
live;жить;;verb;Бытовые глаголы	;;;;;;;;;;;;;;;;;;;;;
be born;родиться;;verb;Бытовые глаголы	;;;;;;;;;;;;;;;;;;;;;
work;работать;;verb;Бытовые глаголы	;;;;;;;;;;;;;;;;;;;;;
earn;зарабатывать;;verb;Бытовые глаголы	;;;;;;;;;;;;;;;;;;;;;
eat;есть;;verb;Бытовые глаголы	;;;;;;;;;;;;;;;;;;;;;
drink;пить;;verb;Бытовые глаголы	;;;;;;;;;;;;;;;;;;;;;
bake;печь;;verb;Бытовые глаголы	;;;;;;;;;;;;;;;;;;;;;
fry;жарить;;verb;Бытовые глаголы	;;;;;;;;;;;;;;;;;;;;;
boil;кипятить /кипеть;;verb;Бытовые глаголы	;;;;;;;;;;;;;;;;;;;;;
wear;носить;;verb;Бытовые глаголы	;;;;;;;;;;;;;;;;;;;;;
put on;надевать;;verb;Бытовые глаголы	;;;;;;;;;;;;;;;;;;;;;
wash;стирать;;verb;Бытовые глаголы	;;;;;;;;;;;;;;;;;;;;;
iron;гладить;;verb;Бытовые глаголы	;;;;;;;;;;;;;;;;;;;;;
go to bed;ложиться спать;;verb;Бытовые глаголы	;;;;;;;;;;;;;;;;;;;;;
sleep;спать;;verb;Бытовые глаголы	;;;;;;;;;;;;;;;;;;;;;
love;любить;;verb;Глаголы чувства	;;;;;;;;;;;;;;;;;;;;;
like;нравиться;;verb;Глаголы чувства	;;;;;;;;;;;;;;;;;;;;;
want;хотеть;;verb;Глаголы чувства	;;;;;;;;;;;;;;;;;;;;;
prefer;предпочитать;;verb;Глаголы чувства	;;;;;;;;;;;;;;;;;;;;;
admire;восхищаться;;verb;Глаголы чувства	;;;;;;;;;;;;;;;;;;;;;
hate;ненавидеть;;verb;Глаголы чувства	;;;;;;;;;;;;;;;;;;;;;
accuse/blame;обвинять (blame эмоцианально, accuse официально (в суде));;verb;Глаголы чувства	;;;;;;;;;;;;;;;;;;;;;
suffer;страдать;;verb;Глаголы чувства	;;;;;;;;;;;;;;;;;;;;;
cry;плакать;;verb;Глаголы чувства	;;;;;;;;;;;;;;;;;;;;;
smile;улыбаться;;verb;Глаголы чувства	;;;;;;;;;;;;;;;;;;;;;
laugh;смеяться;;verb;Глаголы чувства	;;;;;;;;;;;;;;;;;;;;;
enjoy;наслаждаться;;verb;Глаголы чувства	;;;;;;;;;;;;;;;;;;;;;
doubt;сомневаться;;verb;Глаголы чувства	;;;;;;;;;;;;;;;;;;;;;
hurt;делать больно;;verb;Глаголы чувства	;;;;;;;;;;;;;;;;;;;;;
offend;обижать;;verb;Глаголы чувства	;;;;;;;;;;;;;;;;;;;;;
do;делать;;verb;Рабочие операции	;;;;;;;;;;;;;;;;;;;;;
make;делать;;verb;Рабочие операции	;;;;;;;;;;;;;;;;;;;;;
perform;выполнять;;verb;Рабочие операции	;;;;;;;;;;;;;;;;;;;;;
prepare;готовить;;verb;Рабочие операции	;;;;;;;;;;;;;;;;;;;;;
hide;прятать;;verb;Рабочие операции	;;;;;;;;;;;;;;;;;;;;;
search;искать;;verb;Рабочие операции	;;;;;;;;;;;;;;;;;;;;;
ﬁnd;находить;;verb;Рабочие операции	;;;;;;;;;;;;;;;;;;;;;
add;добавлять;;verb;Рабочие операции	;;;;;;;;;;;;;;;;;;;;;
ﬁll;наполнять;;verb;Рабочие операции	;;;;;;;;;;;;;;;;;;;;;
reduce;сокращать;;verb;Рабочие операции	;;;;;;;;;;;;;;;;;;;;;
exclude;исключать;;verb;Рабочие операции	;;;;;;;;;;;;;;;;;;;;;
spend;тратить;;verb;Рабочие операции	;;;;;;;;;;;;;;;;;;;;;
spoil;портить, баловать (в плохом смысле);;verb;Рабочие операции	;;;;;;;;;;;;;;;;;;;;;
remain;оставаться;;verb;Рабочие операции	;;;;;;;;;;;;;;;;;;;;;
keep;владеть;;verb;Рабочие операции	;;;;;;;;;;;;;;;;;;;;;
possess;;;verb;Рабочие операции	;;;;;;;;;;;;;;;;;;;;;
belong;принадлежать;;verb;Рабочие операции	;;;;;;;;;;;;;;;;;;;;;
take;брать;;verb;Рабочие операции	;;;;;;;;;;;;;;;;;;;;;
keep;держать;;verb;Рабочие операции	;;;;;;;;;;;;;;;;;;;;;
push;толкать;;verb;Рабочие операции	;;;;;;;;;;;;;;;;;;;;;
pull;тянуть;;verb;Рабочие операции	;;;;;;;;;;;;;;;;;;;;;
throw;бросать;;verb;Рабочие операции	;;;;;;;;;;;;;;;;;;;;;
open;открывать;;verb;Рабочие операции	;;;;;;;;;;;;;;;;;;;;;
shut;закрывать;;verb;Рабочие операции	;;;;;;;;;;;;;;;;;;;;;
cut;резать;;verb;Рабочие операции	;;;;;;;;;;;;;;;;;;;;;
pour;лить;;verb;Рабочие операции	;;;;;;;;;;;;;;;;;;;;;
dry;сушить;;verb;Рабочие операции	;;;;;;;;;;;;;;;;;;;;;
begin;начинать(ся);;verb;Рабочие операции	;;;;;;;;;;;;;;;;;;;;;
appear;появляться;;verb;Рабочие операции	;;;;;;;;;;;;;;;;;;;;;
continue;продолжать(ся);;verb;Рабочие операции	;;;;;;;;;;;;;;;;;;;;;
take;занимать (время);;verb;Рабочие операции	;;;;;;;;;;;;;;;;;;;;;
roll;катить-(ся);;verb;Рабочие операции	;;;;;;;;;;;;;;;;;;;;;
see;видеть;;verb;Глаголы мышления;;;;;;;;;;;;;;;;;;;;;
look;смотреть;;verb;Глаголы мышления;;;;;;;;;;;;;;;;;;;;;
listen;слушать;;verb;Глаголы мышления;;;;;;;;;;;;;;;;;;;;;
hear;слышать;;verb;Глаголы мышления;;;;;;;;;;;;;;;;;;;;;
feel;чувствовать;;verb;Глаголы мышления;;;;;;;;;;;;;;;;;;;;;
remember;помнить;;verb;Глаголы мышления;;;;;;;;;;;;;;;;;;;;;
forget;забывать;;verb;Глаголы мышления;;;;;;;;;;;;;;;;;;;;;
recognize;узнавать;;verb;Глаголы мышления;;;;;;;;;;;;;;;;;;;;;
read;читать;;verb;Глаголы мышления;;;;;;;;;;;;;;;;;;;;;
write;писать;;verb;Глаголы мышления;;;;;;;;;;;;;;;;;;;;;
count;считать;;verb;Глаголы мышления;;;;;;;;;;;;;;;;;;;;;
add;прибавлять;;verb;Глаголы мышления;;;;;;;;;;;;;;;;;;;;;
subtract;вычитать;;verb;Глаголы мышления;;;;;;;;;;;;;;;;;;;;;
multiply;умножать;;verb;Глаголы мышления;;;;;;;;;;;;;;;;;;;;;
divide;делить;;verb;Глаголы мышления;;;;;;;;;;;;;;;;;;;;;
think;думать;;verb;Глаголы мышления;;;;;;;;;;;;;;;;;;;;;
decide;решать ;;verb;Глаголы мышления;;;;;;;;;;;;;;;;;;;;;
admit;признавать, признаваться;;verb;Глаголы мышления;;;;;;;;;;;;;;;;;;;;;
attack;нападать;;verb;Глаголы противостояния;;;;;;;;;;;;;;;;;;;;;
fight;сражаться;;verb;Глаголы противостояния;;;;;;;;;;;;;;;;;;;;;
defend;защищать;;verb;Глаголы противостояния;;;;;;;;;;;;;;;;;;;;;
win;победить /выиграть;;verb;Глаголы противостояния;;;;;;;;;;;;;;;;;;;;;
lose;проигрывать;;verb;Глаголы противостояния;;;;;;;;;;;;;;;;;;;;;
shoot;стрелять;;verb;Глаголы противостояния;;;;;;;;;;;;;;;;;;;;;
kill;убить;;verb;Глаголы противостояния;;;;;;;;;;;;;;;;;;;;;
wound;ранить ;;verb;Глаголы противостояния;;;;;;;;;;;;;;;;;;;;;
speak;говорить;;verb;Глаголы общения;;;;;;;;;;;;;;;;;;;;;
talk;говорить;;verb;Глаголы общения;;;;;;;;;;;;;;;;;;;;;
say;сказать;;verb;Глаголы общения;;;;;;;;;;;;;;;;;;;;;
tell;сказать;;verb;Глаголы общения;;;;;;;;;;;;;;;;;;;;;
address;обращаться;;verb;Глаголы общения;;;;;;;;;;;;;;;;;;;;;
ask;спрашивать / просить;;verb;Глаголы общения;;;;;;;;;;;;;;;;;;;;;
answer;отвечать;;verb;Глаголы общения;;;;;;;;;;;;;;;;;;;;;
allow/permit;разрешать;;verb;Глаголы общения;;;;;;;;;;;;;;;;;;;;;
prohibit;запрещать;;verb;Глаголы общения;;;;;;;;;;;;;;;;;;;;;
advise;советовать;;verb;Глаголы общения;;;;;;;;;;;;;;;;;;;;;
warn;предупреждать;;verb;Глаголы общения;;;;;;;;;;;;;;;;;;;;;
suggest;предлагать;;verb;Глаголы общения;;;;;;;;;;;;;;;;;;;;;
give;давать;;verb;Глаголы общения;;;;;;;;;;;;;;;;;;;;;
offer;предлагать;;verb;Глаголы общения;;;;;;;;;;;;;;;;;;;;;
buy;покупать;;verb;Глаголы общения;;;;;;;;;;;;;;;;;;;;;
sell;продавать;;verb;Глаголы общения;;;;;;;;;;;;;;;;;;;;;
borrow;брать взаймы;;verb;Глаголы общения;;;;;;;;;;;;;;;;;;;;;
lend;одолжить;;verb;Глаголы общения;;;;;;;;;;;;;;;;;;;;;
introduce;представлять, ввести, запровадити;;verb;Глаголы общения;;;;;;;;;;;;;;;;;;;;;
disturb;мешать / беспокоить;;verb;Глаголы общения;;;;;;;;;;;;;;;;;;;;;
forgive;прощать;;verb;Глаголы общения;;;;;;;;;;;;;;;;;;;;;
apologize;извиняться;;verb;Глаголы общения;;;;;;;;;;;;;;;;;;;;;
explain;объяснять;;verb;Глаголы общения;;;;;;;;;;;;;;;;;;;;;
be;быть;;verb;Глаголы наличия;;;;;;;;;;;;;;;;;;;;;
have;иметь;;verb;Глаголы наличия;;;;;;;;;;;;;;;;;;;;;
there is;имеется;;verb;Глаголы наличия;;;;;;;;;;;;;;;;;;;;;
country;страна;;noun;Мир;;;;;;;;;;;;;;;;;;;;;
nature;природа;;noun;Мир;;;;;;;;;;;;;;;;;;;;;
sky;небо;;noun;Мир;;;;;;;;;;;;;;;;;;;;;
sun;солнце;;noun;Мир;;;;;;;;;;;;;;;;;;;;;
air;воздух;;noun;Мир;;;;;;;;;;;;;;;;;;;;;
cloud;облако;;noun;Мир;;;;;;;;;;;;;;;;;;;;;
land;суша;;noun;Мир;;;;;;;;;;;;;;;;;;;;;
continent;континент;;noun;Мир;;;;;;;;;;;;;;;;;;;;;
territory;территория;;noun;Мир;;;;;;;;;;;;;;;;;;;;;
water;вода;;noun;Мир;;;;;;;;;;;;;;;;;;;;;
river;река;;noun;Мир;;;;;;;;;;;;;;;;;;;;;
sea;море;;noun;Мир;;;;;;;;;;;;;;;;;;;;;
lake;озеро;;noun;Мир;;;;;;;;;;;;;;;;;;;;;
forest;лес;;noun;Мир;;;;;;;;;;;;;;;;;;;;;
North;север;;noun;Мир;;;;;;;;;;;;;;;;;;;;;
South;юг;;noun;Мир;;;;;;;;;;;;;;;;;;;;;
East;восток;;noun;Мир;;;;;;;;;;;;;;;;;;;;;
West;запад;;noun;Мир;;;;;;;;;;;;;;;;;;;;;
plant;растение;;noun;Мир;;;;;;;;;;;;;;;;;;;;;
tree;дерево;;noun;Мир;;;;;;;;;;;;;;;;;;;;;
animal;животное;;noun;Мир;;;;;;;;;;;;;;;;;;;;;
bird;птица;;noun;Мир;;;;;;;;;;;;;;;;;;;;;
fish;рыба;;noun;Мир;;;;;;;;;;;;;;;;;;;;;
flower;цветок;;noun;Мир;;;;;;;;;;;;;;;;;;;;;
insect;насекомое;;noun;Мир;;;;;;;;;;;;;;;;;;;;;
information;информация;;noun;Информация;;;;;;;;;;;;;;;;;;;;;
report;сообщение /доклад;;noun;Информация;;;;;;;;;;;;;;;;;;;;;
news;новости;;noun;Информация;;;;;;;;;;;;;;;;;;;;;
rumour;слух, молва, сплетня;;noun;Информация;;;;;;;;;;;;;;;;;;;;;
truth;правда;;noun;Информация;;;;;;;;;;;;;;;;;;;;;
lie;ложь;;noun;Информация;;;;;;;;;;;;;;;;;;;;;
weather;погода;;noun;Погода;;;;;;;;;;;;;;;;;;;;;
season;сезон;;noun;Погода;;;;;;;;;;;;;;;;;;;;;
winter;зима;;noun;Погода;;;;;;;;;;;;;;;;;;;;;
spring;весна;;noun;Погода;;;;;;;;;;;;;;;;;;;;;
summer;лето;;noun;Погода;;;;;;;;;;;;;;;;;;;;;
autumn;осень;;noun;Погода;;;;;;;;;;;;;;;;;;;;;
temperature;температура;;noun;Погода;;;;;;;;;;;;;;;;;;;;;
pressure;давление;;noun;Погода;;;;;;;;;;;;;;;;;;;;;
rain;дождь;;noun;Погода;;;;;;;;;;;;;;;;;;;;;
snow;снег;;noun;Погода;;;;;;;;;;;;;;;;;;;;;
thunder;гром;;noun;Погода;;;;;;;;;;;;;;;;;;;;;
lightning;молния;;noun;Погода;;;;;;;;;;;;;;;;;;;;;
wind;ветер;;noun;Погода;;;;;;;;;;;;;;;;;;;;;
human being;человек;;noun;Человек;;;;;;;;;;;;;;;;;;;;;
man;мужчина;;noun;Человек;;;;;;;;;;;;;;;;;;;;;
woman;женщина;;noun;Человек;;;;;;;;;;;;;;;;;;;;;
child;ребенок;;noun;Человек;;;;;;;;;;;;;;;;;;;;;
girl;девочка;;noun;Человек;;;;;;;;;;;;;;;;;;;;;
boy;мальчик;;noun;Человек;;;;;;;;;;;;;;;;;;;;;
youth;юность, молодость;;noun;Человек;;;;;;;;;;;;;;;;;;;;;
grown-up;взрослый (человек);;noun;Человек;;;;;;;;;;;;;;;;;;;;;
nationality;национальность ;;noun;Человек;;;;;;;;;;;;;;;;;;;;;
love;любовь;;noun;Другое;;;;;;;;;;;;;;;;;;;;;
friendship;дружба;;noun;Другое;;;;;;;;;;;;;;;;;;;;;
envy;зависть;;noun;Другое;;;;;;;;;;;;;;;;;;;;;
wish;желание;;noun;Другое;;;;;;;;;;;;;;;;;;;;;
intention;намерение;;noun;Другое;;;;;;;;;;;;;;;;;;;;;
dream;мечта;;noun;Другое;;;;;;;;;;;;;;;;;;;;;
hope;надежда;;noun;Другое;;;;;;;;;;;;;;;;;;;;;
purpose;цель;;noun;Другое;;;;;;;;;;;;;;;;;;;;;
time;время;;noun;Время;;;;;;;;;;;;;;;;;;;;;
century;столетие, век;;noun;Время;;;;;;;;;;;;;;;;;;;;;
year;год;;noun;Время;;;;;;;;;;;;;;;;;;;;;
month;месяц;;noun;Время;;;;;;;;;;;;;;;;;;;;;
week;неделя;;noun;Время;;;;;;;;;;;;;;;;;;;;;
day;день ;;noun;Время;;;;;;;;;;;;;;;;;;;;;
hour;час;;noun;Время;;;;;;;;;;;;;;;;;;;;;
minute;минута;;noun;Время;;;;;;;;;;;;;;;;;;;;;
clock;часы;;noun;Время;;;;;;;;;;;;;;;;;;;;;
watch;часы;;noun;Время;;;;;;;;;;;;;;;;;;;;;
calendar;календарь;;noun;Время;;;;;;;;;;;;;;;;;;;;;
morning;утро;;noun;Время;;;;;;;;;;;;;;;;;;;;;
midday;полдень;;noun;Время;;;;;;;;;;;;;;;;;;;;;
noon;полдень;;noun;Время;;;;;;;;;;;;;;;;;;;;;
afternoon;время после обеда;;noun;Время;;;;;;;;;;;;;;;;;;;;;
evening;вечер;;noun;Время;;;;;;;;;;;;;;;;;;;;;
night;ночь;;noun;Время;;;;;;;;;;;;;;;;;;;;;
present;настоящее;;noun;Время;;;;;;;;;;;;;;;;;;;;;
past;прошлое;;noun;Время;;;;;;;;;;;;;;;;;;;;;
future;будущее;;noun;Время;;;;;;;;;;;;;;;;;;;;;
beginning;начало;;noun;Время;;;;;;;;;;;;;;;;;;;;;
end;конец;;noun;Время;;;;;;;;;;;;;;;;;;;;;
schedule;расписание;;noun;Время;;;;;;;;;;;;;;;;;;;;;
delay;задержка;;noun;Время;;;;;;;;;;;;;;;;;;;;;
holiday;праздник /каникулы;;noun;Время;;;;;;;;;;;;;;;;;;;;;
weekend;выходные дни;;noun;Время;;;;;;;;;;;;;;;;;;;;;
vacation;каникулы, отпуск;;noun;Время;;;;;;;;;;;;;;;;;;;;;
fridge;холодильник;;noun;Бытовые приборы;;;;;;;;;;;;;;;;;;;;;
vacuum cleaner;пылесос;;noun;Бытовые приборы;;;;;;;;;;;;;;;;;;;;;
washing machine;стиральная машина;;noun;Бытовые приборы;;;;;;;;;;;;;;;;;;;;;
stove;плита;;noun;Бытовые приборы;;;;;;;;;;;;;;;;;;;;;
iron;утюг;;noun;Бытовые приборы;;;;;;;;;;;;;;;;;;;;;
body;тело;;noun;Бытовые приборы;;;;;;;;;;;;;;;;;;;;;
weight;вес;;noun;Бытовые приборы;;;;;;;;;;;;;;;;;;;;;
bone;кость;;noun;Бытовые приборы;;;;;;;;;;;;;;;;;;;;;
muscle;мышцы;;noun;Бытовые приборы;;;;;;;;;;;;;;;;;;;;;
blood;кровь;;noun;Бытовые приборы;;;;;;;;;;;;;;;;;;;;;
skin;кожа;;noun;Бытовые приборы;;;;;;;;;;;;;;;;;;;;;
hair;волосы  ;;noun;Бытовые приборы;;;;;;;;;;;;;;;;;;;;;
head;голова;;noun;Части тела;;;;;;;;;;;;;;;;;;;;;
neck;шея;;noun;Части тела;;;;;;;;;;;;;;;;;;;;;
chest;грудь;;noun;Части тела;;;;;;;;;;;;;;;;;;;;;
back;спина;;noun;Части тела;;;;;;;;;;;;;;;;;;;;;
stomach;живот;;noun;Части тела;;;;;;;;;;;;;;;;;;;;;
leg;нога;;noun;Части тела;;;;;;;;;;;;;;;;;;;;;
foot;стопа;;noun;Части тела;;;;;;;;;;;;;;;;;;;;;
arm;рука;;noun;Части тела;;;;;;;;;;;;;;;;;;;;;
hand;кисть;;noun;Части тела;;;;;;;;;;;;;;;;;;;;;
finger;палец;;noun;Части тела;;;;;;;;;;;;;;;;;;;;;
elbow;локоть;;noun;Части тела;;;;;;;;;;;;;;;;;;;;;
knee;колено;;noun;Части тела;;;;;;;;;;;;;;;;;;;;;
waist;талия;;noun;Части тела;;;;;;;;;;;;;;;;;;;;;
heel;пятка;;noun;Части тела;;;;;;;;;;;;;;;;;;;;;
nail;ноготь;;noun;Части тела;;;;;;;;;;;;;;;;;;;;;
brain;мозг;;noun;Органы;;;;;;;;;;;;;;;;;;;;;
lungs;легкие;;noun;Органы;;;;;;;;;;;;;;;;;;;;;
heart;сердце;;noun;Органы;;;;;;;;;;;;;;;;;;;;;
stomach;желудок;;noun;Органы;;;;;;;;;;;;;;;;;;;;;
liver;печень;;noun;Органы;;;;;;;;;;;;;;;;;;;;;
kidney;почка;;noun;Органы;;;;;;;;;;;;;;;;;;;;;
health;здоровье;;noun;Другое;;;;;;;;;;;;;;;;;;;;;
hygiene;гигиена;;noun;Другое;;;;;;;;;;;;;;;;;;;;;
illness/disease;болезнь;;noun;Другое;;;;;;;;;;;;;;;;;;;;;
recovery;выздоровление;;noun;Другое;;;;;;;;;;;;;;;;;;;;;
death;смерть;;noun;Другое;;;;;;;;;;;;;;;;;;;;;
injury;повреждение;;noun;Другое;;;;;;;;;;;;;;;;;;;;;
fracture;перелом;;noun;Другое;;;;;;;;;;;;;;;;;;;;;
wound;рана;;noun;Другое;;;;;;;;;;;;;;;;;;;;;
burn;ожог;;noun;Другое;;;;;;;;;;;;;;;;;;;;;
allergy;аллергия;;noun;Другое;;;;;;;;;;;;;;;;;;;;;
shop;магазин;;noun;Другое;;;;;;;;;;;;;;;;;;;;;
goods;товары;;noun;Другое;;;;;;;;;;;;;;;;;;;;;
laundry;прачечная;;noun;Другое;;;;;;;;;;;;;;;;;;;;;
hotel;гостиница;;noun;Другое;;;;;;;;;;;;;;;;;;;;;
reservation;бронирование;;noun;Другое;;;;;;;;;;;;;;;;;;;;;
room;номер;;noun;Другое;;;;;;;;;;;;;;;;;;;;;
bill;счет;;noun;Другое;;;;;;;;;;;;;;;;;;;;;
profession;профессия;;noun;Другое;;;;;;;;;;;;;;;;;;;;;
doctor;врач;;noun;Другое;;;;;;;;;;;;;;;;;;;;;
teacher;учитель;;noun;Другое;;;;;;;;;;;;;;;;;;;;;
lawyer;юрист;;noun;Другое;;;;;;;;;;;;;;;;;;;;;
businessman;бизнесмен;;noun;Другое;;;;;;;;;;;;;;;;;;;;;
engineer;инженер;;noun;Другое;;;;;;;;;;;;;;;;;;;;;
worker;рабочий;;noun;Другое;;;;;;;;;;;;;;;;;;;;;
officer;офицер, полицейский;;noun;Другое;;;;;;;;;;;;;;;;;;;;;
soldier;солдат   ;;noun;Другое;;;;;;;;;;;;;;;;;;;;;
face;лицо;;noun;Части лица;;;;;;;;;;;;;;;;;;;;;
eye;глаз;;noun;Части лица;;;;;;;;;;;;;;;;;;;;;
ear;ухо;;noun;Части лица;;;;;;;;;;;;;;;;;;;;;
forehead;лоб;;noun;Части лица;;;;;;;;;;;;;;;;;;;;;
cheek;щека;;noun;Части лица;;;;;;;;;;;;;;;;;;;;;
mouth;рот;;noun;Части лица;;;;;;;;;;;;;;;;;;;;;
lip;губа;;noun;Части лица;;;;;;;;;;;;;;;;;;;;;
tooth;зуб;;noun;Части лица;;;;;;;;;;;;;;;;;;;;;
tongue;язык;;noun;Части лица;;;;;;;;;;;;;;;;;;;;;
nose;нос;;noun;Части лица;;;;;;;;;;;;;;;;;;;;;
eyebrow;бровь;;noun;Части лица;;;;;;;;;;;;;;;;;;;;;
eyelash;ресница;;noun;Части лица;;;;;;;;;;;;;;;;;;;;;
skull;череп;;noun;Части лица;;;;;;;;;;;;;;;;;;;;;
chin;подбородок;;noun;Части лица;;;;;;;;;;;;;;;;;;;;;
temple;висок;;noun;Части лица;;;;;;;;;;;;;;;;;;;;;
jaw;челюсть;;noun;Части лица;;;;;;;;;;;;;;;;;;;;;
hotel;отель;;noun;Объекты города;;;;;;;;;;;;;;;;;;;;;
police;полиция;;noun;Объекты города;;;;;;;;;;;;;;;;;;;;;
hospital;больница;;noun;Объекты города;;;;;;;;;;;;;;;;;;;;;
church;церковь;;noun;Объекты города;;;;;;;;;;;;;;;;;;;;;
market;рынок;;noun;Объекты города;;;;;;;;;;;;;;;;;;;;;
restaurant;ресторан;;noun;Объекты города;;;;;;;;;;;;;;;;;;;;;
circus;цирк;;noun;Объекты города;;;;;;;;;;;;;;;;;;;;;
theatre;театр;;noun;Объекты города;;;;;;;;;;;;;;;;;;;;;
cinema;кинотеатр;;noun;Объекты города;;;;;;;;;;;;;;;;;;;;;
city;город;;noun;Город;;;;;;;;;;;;;;;;;;;;;
town;маленький город;;noun;Город;;;;;;;;;;;;;;;;;;;;;
street;улица;;noun;Город;;;;;;;;;;;;;;;;;;;;;
square;площадь;;noun;Город;;;;;;;;;;;;;;;;;;;;;
building;здание;;noun;Город;;;;;;;;;;;;;;;;;;;;;
bus;автобус;;noun;Транспорт;;;;;;;;;;;;;;;;;;;;;
trolleybus;троллейбус;;noun;Транспорт;;;;;;;;;;;;;;;;;;;;;
tram;трамвай;;noun;Транспорт;;;;;;;;;;;;;;;;;;;;;
metro;метро;;noun;Транспорт;;;;;;;;;;;;;;;;;;;;;
car;автомобиль;;noun;Транспорт;;;;;;;;;;;;;;;;;;;;;
taxi;такси;;noun;Транспорт;;;;;;;;;;;;;;;;;;;;;
truck;грузовик;;noun;Транспорт;;;;;;;;;;;;;;;;;;;;;
railway station;железная дорога;;noun;Транспорт;;;;;;;;;;;;;;;;;;;;;
platform;платформа;;noun;Транспорт;;;;;;;;;;;;;;;;;;;;;
track;путь;;noun;Транспорт;;;;;;;;;;;;;;;;;;;;;
train;поезд;;noun;Транспорт;;;;;;;;;;;;;;;;;;;;;
departure;отправление;;noun;Транспорт;;;;;;;;;;;;;;;;;;;;;
arrival;прибытие;;noun;Транспорт;;;;;;;;;;;;;;;;;;;;;
change;пересадка;;noun;Транспорт;;;;;;;;;;;;;;;;;;;;;
airport;аэропорт;;noun;Транспорт;;;;;;;;;;;;;;;;;;;;;
plane;самолет;;noun;Транспорт;;;;;;;;;;;;;;;;;;;;;
check in;регистрация;;noun;Транспорт;;;;;;;;;;;;;;;;;;;;;
passport control;паспортный контроль;;noun;Транспорт;;;;;;;;;;;;;;;;;;;;;
take-off;взлет;;noun;Транспорт;;;;;;;;;;;;;;;;;;;;;
landing;посадка;;noun;Транспорт;;;;;;;;;;;;;;;;;;;;;
flight attendant;стюардесса;;noun;Транспорт;;;;;;;;;;;;;;;;;;;;;
pilot;пилот;;noun;Транспорт;;;;;;;;;;;;;;;;;;;;;
boarding;посадка на борт;;noun;Транспорт;;;;;;;;;;;;;;;;;;;;;
flight;полет;;noun;Транспорт;;;;;;;;;;;;;;;;;;;;;
seat;место;;noun;Транспорт;;;;;;;;;;;;;;;;;;;;;
seat-belt;ремень безопасности;;noun;Транспорт;;;;;;;;;;;;;;;;;;;;;
etiquette;этикет;;noun;Этикет;;;;;;;;;;;;;;;;;;;;;
behaviour;поведение;;noun;Этикет;;;;;;;;;;;;;;;;;;;;;
politeness;вежливость;;noun;Этикет;;;;;;;;;;;;;;;;;;;;;
apology;извинение;;noun;Этикет;;;;;;;;;;;;;;;;;;;;;
forgiveness;прощение;;noun;Этикет;;;;;;;;;;;;;;;;;;;;;
attitude;отношение;;noun;Этикет;;;;;;;;;;;;;;;;;;;;;
sweets;сладости;;noun;Сладости;;;;;;;;;;;;;;;;;;;;;
chocolate;шоколад;;noun;Сладости;;;;;;;;;;;;;;;;;;;;;
biscuit;печенье;;noun;Сладости;;;;;;;;;;;;;;;;;;;;;
cake;торт /пирожное;;noun;Сладости;;;;;;;;;;;;;;;;;;;;;
pie;пирог;;noun;Сладости;;;;;;;;;;;;;;;;;;;;;
jam;варенье;;noun;Сладости;;;;;;;;;;;;;;;;;;;;;
sugar;caxap;;noun;Сладости;;;;;;;;;;;;;;;;;;;;;
honey;мёд ;;noun;Сладости;;;;;;;;;;;;;;;;;;;;;
butcher’s;мясной магазин;;noun;Продкты питания;;;;;;;;;;;;;;;;;;;;;
greengrocer’s;овощной магазин;;noun;Продкты питания;;;;;;;;;;;;;;;;;;;;;
dairy;молочный магазин;;noun;Продкты питания;;;;;;;;;;;;;;;;;;;;;
sausage;колбаса;;noun;Продкты питания;;;;;;;;;;;;;;;;;;;;;
cheese;сыр;;noun;Продкты питания;;;;;;;;;;;;;;;;;;;;;
fish;рыба;;noun;Продкты питания;;;;;;;;;;;;;;;;;;;;;
canned goods;консервы;;noun;Продкты питания;;;;;;;;;;;;;;;;;;;;;
butter;сливочное масло;;noun;Продкты питания;;;;;;;;;;;;;;;;;;;;;
vegetable oil;растительное масло;;noun;Продкты питания;;;;;;;;;;;;;;;;;;;;;
bread;хлеб;;noun;Продкты питания;;;;;;;;;;;;;;;;;;;;;
emotion;эмоция;;noun;Эмоции;;;;;;;;;;;;;;;;;;;;;
feeling;чувство;;noun;Эмоции;;;;;;;;;;;;;;;;;;;;;
pleasure;удовольствие;;noun;Эмоции;;;;;;;;;;;;;;;;;;;;;
satisfaction;удовлетворение;;noun;Эмоции;;;;;;;;;;;;;;;;;;;;;
happiness;счастье;;noun;Эмоции;;;;;;;;;;;;;;;;;;;;;
joy;радость;;noun;Эмоции;;;;;;;;;;;;;;;;;;;;;
sadness;печаль;;noun;Эмоции;;;;;;;;;;;;;;;;;;;;;
excitement;возбуждение;;noun;Эмоции;;;;;;;;;;;;;;;;;;;;;
suffering;страдание;;noun;Эмоции;;;;;;;;;;;;;;;;;;;;;
sympathy;сочувствие;;noun;Эмоции;;;;;;;;;;;;;;;;;;;;;
admiration;восхищение;;noun;Эмоции;;;;;;;;;;;;;;;;;;;;;
respect;уважение;;noun;Эмоции;;;;;;;;;;;;;;;;;;;;;
language;язык;;noun;Язык;;;;;;;;;;;;;;;;;;;;;
word;слово;;noun;Язык;;;;;;;;;;;;;;;;;;;;;
foreign language;иностранный язык;;noun;Язык;;;;;;;;;;;;;;;;;;;;;
mother tongue;родной язык;;noun;Язык;;;;;;;;;;;;;;;;;;;;;
sentence;предложение;;noun;Язык;;;;;;;;;;;;;;;;;;;;;
phrase/collocation;словосочетание;;noun;Язык;;;;;;;;;;;;;;;;;;;;;
meaning;значение/смысл;;noun;Язык;;;;;;;;;;;;;;;;;;;;;
pronunciation;произношение;;noun;Язык;;;;;;;;;;;;;;;;;;;;;
stress/accent;ударение;;noun;Язык;;;;;;;;;;;;;;;;;;;;;
spell;написать по буквам, чары, заклинание;;noun;Язык;;;;;;;;;;;;;;;;;;;;;
conversation;беседа;;noun;Цель высказывания;;;;;;;;;;;;;;;;;;;;;
question;вопрос;;noun;Цель высказывания;;;;;;;;;;;;;;;;;;;;;
answer;ответ;;noun;Цель высказывания;;;;;;;;;;;;;;;;;;;;;
advice;совет;;noun;Цель высказывания;;;;;;;;;;;;;;;;;;;;;
warning;предупреждение;;noun;Цель высказывания;;;;;;;;;;;;;;;;;;;;;
request;просьба;;noun;Цель высказывания;;;;;;;;;;;;;;;;;;;;;
demand;требование;;noun;Цель высказывания;;;;;;;;;;;;;;;;;;;;;
promise;обещание;;noun;Цель высказывания;;;;;;;;;;;;;;;;;;;;;
remark;замечание;;noun;Цель высказывания;;;;;;;;;;;;;;;;;;;;;
help/assistance;помощь;;noun;Цель высказывания;;;;;;;;;;;;;;;;;;;;;
room;комната;;noun;Квартира;;;;;;;;;;;;;;;;;;;;;
entrance hall;прихожая;;noun;Квартира;;;;;;;;;;;;;;;;;;;;;
kitchen;кухня;;noun;Квартира;;;;;;;;;;;;;;;;;;;;;
bathroom;ванная;;noun;Квартира;;;;;;;;;;;;;;;;;;;;;
toilet;туалет;;noun;Квартира;;;;;;;;;;;;;;;;;;;;;
bedroom;спальня;;noun;Квартира;;;;;;;;;;;;;;;;;;;;;
address;адрес;;noun;Жилье;;;;;;;;;;;;;;;;;;;;;
house;дом;;noun;Жилье;;;;;;;;;;;;;;;;;;;;;
building;здание;;noun;Жилье;;;;;;;;;;;;;;;;;;;;;
street;улица;;noun;Жилье;;;;;;;;;;;;;;;;;;;;;
square;площадь;;noun;Жилье;;;;;;;;;;;;;;;;;;;;;
apartment/flat;квартира;;noun;Жилье;;;;;;;;;;;;;;;;;;;;;
floor;этаж;;noun;Жилье;;;;;;;;;;;;;;;;;;;;;
yard;двор;;noun;Жилье;;;;;;;;;;;;;;;;;;;;;
fence;забор  ;;noun;Жилье;;;;;;;;;;;;;;;;;;;;;
roof;крыша;;noun;Устройство дома;;;;;;;;;;;;;;;;;;;;;
wall;стена;;noun;Устройство дома;;;;;;;;;;;;;;;;;;;;;
floor;пол;;noun;Устройство дома;;;;;;;;;;;;;;;;;;;;;
ceiling;потолок;;noun;Устройство дома;;;;;;;;;;;;;;;;;;;;;
window;окно;;noun;Устройство дома;;;;;;;;;;;;;;;;;;;;;
corner;угол;;noun;Устройство дома;;;;;;;;;;;;;;;;;;;;;
staircase;лестница;;noun;Устройство дома;;;;;;;;;;;;;;;;;;;;;
landing;лестничная площадка;;noun;Устройство дома;;;;;;;;;;;;;;;;;;;;;
lift;лифт;;noun;Устройство дома;;;;;;;;;;;;;;;;;;;;;
door;дверь;;noun;Устройство дома;;;;;;;;;;;;;;;;;;;;;
bell;звонок;;noun;Устройство дома;;;;;;;;;;;;;;;;;;;;;
lock;замок;;noun;Устройство дома;;;;;;;;;;;;;;;;;;;;;
key;ключ;;noun;Устройство дома;;;;;;;;;;;;;;;;;;;;;
meals;пища, еда;;noun;Прием пищи;;;;;;;;;;;;;;;;;;;;;
breakfast;завтрак;;noun;Прием пищи;;;;;;;;;;;;;;;;;;;;;
lunch;второй завтрак /обед;;noun;Прием пищи;;;;;;;;;;;;;;;;;;;;;
dinner;обед;;noun;Прием пищи;;;;;;;;;;;;;;;;;;;;;
supper;ужин;;noun;Прием пищи;;;;;;;;;;;;;;;;;;;;;
appetite;аппетит ;;noun;Прием пищи;;;;;;;;;;;;;;;;;;;;;
furniture;мебель;;noun;Мебель;;;;;;;;;;;;;;;;;;;;;
table;стол;;noun;Мебель;;;;;;;;;;;;;;;;;;;;;
chair;стул;;noun;Мебель;;;;;;;;;;;;;;;;;;;;;
armchair;кресло;;noun;Мебель;;;;;;;;;;;;;;;;;;;;;
bed;кровать;;noun;Мебель;;;;;;;;;;;;;;;;;;;;;
sofa;диван;;noun;Мебель;;;;;;;;;;;;;;;;;;;;;
carpet;ковер;;noun;Мебель;;;;;;;;;;;;;;;;;;;;;
mirror;зеркало;;noun;Мебель;;;;;;;;;;;;;;;;;;;;;
drink;напиток;;noun;Напитки;;;;;;;;;;;;;;;;;;;;;
tea;чай;;noun;Напитки;;;;;;;;;;;;;;;;;;;;;
coffee;кофе;;noun;Напитки;;;;;;;;;;;;;;;;;;;;;
milk;молоко;;noun;Напитки;;;;;;;;;;;;;;;;;;;;;
juice;сок;;noun;Напитки;;;;;;;;;;;;;;;;;;;;;
wine;вино;;noun;Напитки;;;;;;;;;;;;;;;;;;;;;
family;семья;;noun;Семья;;;;;;;;;;;;;;;;;;;;;
father;отец;;noun;Семья;;;;;;;;;;;;;;;;;;;;;
mother;мать;;noun;Семья;;;;;;;;;;;;;;;;;;;;;
child;ребенок;;noun;Семья;;;;;;;;;;;;;;;;;;;;;
sister;сестра;;noun;Семья;;;;;;;;;;;;;;;;;;;;;
brother;брат;;noun;Семья;;;;;;;;;;;;;;;;;;;;;
husband;муж;;noun;Семья;;;;;;;;;;;;;;;;;;;;;
wife;жена;;noun;Семья;;;;;;;;;;;;;;;;;;;;;
son;сын;;noun;Семья;;;;;;;;;;;;;;;;;;;;;
daughter;дочь;;noun;Семья;;;;;;;;;;;;;;;;;;;;;
wedding;свадьба;;noun;Семья;;;;;;;;;;;;;;;;;;;;;
divorce;развод;;noun;Семья;;;;;;;;;;;;;;;;;;;;;
parents;родители;;noun;Семья;;;;;;;;;;;;;;;;;;;;;
relatives;родные;;noun;Родственники;;;;;;;;;;;;;;;;;;;;;
grandfather;дедушка;;noun;Родственники;;;;;;;;;;;;;;;;;;;;;
grandmother;бабушка;;noun;Родственники;;;;;;;;;;;;;;;;;;;;;
uncle;дядя;;noun;Родственники;;;;;;;;;;;;;;;;;;;;;
aunt;тетя;;noun;Родственники;;;;;;;;;;;;;;;;;;;;;
nephew;племянник;;noun;Родственники;;;;;;;;;;;;;;;;;;;;;
niece;племянница;;noun;Родственники;;;;;;;;;;;;;;;;;;;;;
cousin;двоюродный брат /сестра;;noun;Родственники;;;;;;;;;;;;;;;;;;;;;
grandson;внук;;noun;Родственники;;;;;;;;;;;;;;;;;;;;;
granddaughter;внучка;;noun;Родственники;;;;;;;;;;;;;;;;;;;;;
relations;отношение, связь;;noun;Связи	;;;;;;;;;;;;;;;;;;;;;
friend;друг;;noun;Связи	;;;;;;;;;;;;;;;;;;;;;
colleague;коллега;;noun;Связи	;;;;;;;;;;;;;;;;;;;;;
employer;работодатель;;noun;Связи	;;;;;;;;;;;;;;;;;;;;;
employee;наемный работник;;noun;Связи	;;;;;;;;;;;;;;;;;;;;;
acquaintance;знакомство ;;noun;Связи	;;;;;;;;;;;;;;;;;;;;;
where;где;;adverb;Места;;;;;;;;;;;;;;;;;;;;;
here;здесь;;adverb;Места;;;;;;;;;;;;;;;;;;;;;
there;там;;adverb;Места;;;;;;;;;;;;;;;;;;;;;
somewhere;где-нибудь;;adverb;Места;;;;;;;;;;;;;;;;;;;;;
anywhere;где-нибудь;;adverb;Места;;;;;;;;;;;;;;;;;;;;;
everywhere;везде ;;adverb;Места;;;;;;;;;;;;;;;;;;;;;
nowhere;нигде;;adverb;Места;;;;;;;;;;;;;;;;;;;;;
inside;внутри;;adverb;Места;;;;;;;;;;;;;;;;;;;;;
outside;снаружи;;adverb;Места;;;;;;;;;;;;;;;;;;;;;
beside;рядом ;;adverb;Места;;;;;;;;;;;;;;;;;;;;;
above;наверху;;adverb;Места;;;;;;;;;;;;;;;;;;;;;
below;внизу;;adverb;Места;;;;;;;;;;;;;;;;;;;;;
in front of;впереди;;adverb;Места;;;;;;;;;;;;;;;;;;;;;
ahead;впереди / вперед;;adverb;Места;;;;;;;;;;;;;;;;;;;;;
behind;сзади ;;adverb;Места;;;;;;;;;;;;;;;;;;;;;
high;высоко;;adverb;Места;;;;;;;;;;;;;;;;;;;;;
low;низко;;adverb;Места;;;;;;;;;;;;;;;;;;;;;
far;далеко;;adverb;Места;;;;;;;;;;;;;;;;;;;;;
near;близко;;adverb;Места;;;;;;;;;;;;;;;;;;;;;
back, backwards ;назад;;adverb;Направления;;;;;;;;;;;;;;;;;;;;;
ahead, towards;вперед;;adverb;Направления;;;;;;;;;;;;;;;;;;;;;
up;вверх;;adverb;Направления;;;;;;;;;;;;;;;;;;;;;
down;вниз;;adverb;Направления;;;;;;;;;;;;;;;;;;;;;
sideways;в сторону;;adverb;Направления;;;;;;;;;;;;;;;;;;;;;
to the right ;направо;;adverb;Направления;;;;;;;;;;;;;;;;;;;;;
to the left ;налево;;adverb;Направления;;;;;;;;;;;;;;;;;;;;;
around ;вокруг;;adverb;Направления;;;;;;;;;;;;;;;;;;;;;
how;как ;;adverb;Вопросительные;;;;;;;;;;;;;;;;;;;;;
how many;сколько;;adverb;Вопросительные;;;;;;;;;;;;;;;;;;;;;
how much;сколько;;adverb;Вопросительные;;;;;;;;;;;;;;;;;;;;;
where;где;;adverb;Вопросительные;;;;;;;;;;;;;;;;;;;;;
when;когда;;adverb;Вопросительные;;;;;;;;;;;;;;;;;;;;;
why;почему;;adverb;Вопросительные;;;;;;;;;;;;;;;;;;;;;
now;сейчас;;adverb;Время;;;;;;;;;;;;;;;;;;;;;
lately;в последнее время;;adverb;Время;;;;;;;;;;;;;;;;;;;;;
recently;недавно;;adverb;Время;;;;;;;;;;;;;;;;;;;;;
just;только что;;adverb;Время;;;;;;;;;;;;;;;;;;;;;
on the eve;накануне;;adverb;Время;;;;;;;;;;;;;;;;;;;;;
once;однажды ;;adverb;Время;;;;;;;;;;;;;;;;;;;;;
before;раньше;;adverb;Время;;;;;;;;;;;;;;;;;;;;;
long ago;давно ;;adverb;Время;;;;;;;;;;;;;;;;;;;;;
then;тогда;;adverb;Время;;;;;;;;;;;;;;;;;;;;;
afterwards;после;;adverb;Время;;;;;;;;;;;;;;;;;;;;;
immediately;немедленно;;adverb;Время;;;;;;;;;;;;;;;;;;;;;
soon;скоро;;adverb;Время;;;;;;;;;;;;;;;;;;;;;
today;сегодня;;adverb;Время;;;;;;;;;;;;;;;;;;;;;
tonight;сегодня вечером;;adverb;Время;;;;;;;;;;;;;;;;;;;;;
tomorrow;завтра;;adverb;Время;;;;;;;;;;;;;;;;;;;;;
the day after tomorrow;послезавтра;;adverb;Время;;;;;;;;;;;;;;;;;;;;;
yesterday;вчера;;adverb;Время;;;;;;;;;;;;;;;;;;;;;
the day before yesterday;позавчера;;adverb;Время;;;;;;;;;;;;;;;;;;;;;
still;все еще;;adverb;Время;;;;;;;;;;;;;;;;;;;;;
already;уже;;adverb;Время;;;;;;;;;;;;;;;;;;;;;
yet;уже;;adverb;Время;;;;;;;;;;;;;;;;;;;;;
always;всегда;;adverb;Повторения и частотности;;;;;;;;;;;;;;;;;;;;;
often;часто;;adverb;Повторения и частотности;;;;;;;;;;;;;;;;;;;;;
frequently;часто ;;adverb;Повторения и частотности;;;;;;;;;;;;;;;;;;;;;
constantly;постоянно ;;adverb;Повторения и частотности;;;;;;;;;;;;;;;;;;;;;
usually;обычно;;adverb;Повторения и частотности;;;;;;;;;;;;;;;;;;;;;
rarely;редко;;adverb;Повторения и частотности;;;;;;;;;;;;;;;;;;;;;
seldom;редко;;adverb;Повторения и частотности;;;;;;;;;;;;;;;;;;;;;
sometimes;иногда ;;adverb;Повторения и частотности;;;;;;;;;;;;;;;;;;;;;
never;никогда ;;adverb;Повторения и частотности;;;;;;;;;;;;;;;;;;;;;
that’s why;поэтому;;adverb;Наречия для соединения предложений	;;;;;;;;;;;;;;;;;;;;;
however;однако;;adverb;Наречия для соединения предложений	;;;;;;;;;;;;;;;;;;;;;
nevertheless;тем не менее;;adverb;Наречия для соединения предложений	;;;;;;;;;;;;;;;;;;;;;
meanwhile ;тем временем;;adverb;Наречия для соединения предложений	;;;;;;;;;;;;;;;;;;;;;
otherwise;в противном случае;;adverb;Наречия для соединения предложений	;;;;;;;;;;;;;;;;;;;;;
red;красный;;adjective;цвета;;;;;;;;;;;;;;;;;;;;;
orange;оранжевый;;adjective;цвета;;;;;;;;;;;;;;;;;;;;;
yellow;желтый;;adjective;цвета;;;;;;;;;;;;;;;;;;;;;
green;зеленый;;adjective;цвета;;;;;;;;;;;;;;;;;;;;;
blue;синий;;adjective;цвета;;;;;;;;;;;;;;;;;;;;;
violet;фиолетовый;;adjective;цвета;;;;;;;;;;;;;;;;;;;;;
black;черный;;adjective;цвета;;;;;;;;;;;;;;;;;;;;;
white;белый;;adjective;цвета;;;;;;;;;;;;;;;;;;;;;
brown;коричневый;;adjective;цвета;;;;;;;;;;;;;;;;;;;;;
grey;серый;;adjective;цвета;;;;;;;;;;;;;;;;;;;;;
dark;темный;;adjective;цвета;;;;;;;;;;;;;;;;;;;;;
light;светлый;;adjective;цвета;;;;;;;;;;;;;;;;;;;;;
bright;яркий;;adjective;цвета;;;;;;;;;;;;;;;;;;;;;
pale;бледный;;adjective;цвета;;;;;;;;;;;;;;;;;;;;;
flat;плоский;;adjective;Форма;;;;;;;;;;;;;;;;;;;;;
straight;прямой;;adjective;Форма;;;;;;;;;;;;;;;;;;;;;
curved;кривой;;adjective;Форма;;;;;;;;;;;;;;;;;;;;;
square;квадратный;;adjective;Форма;;;;;;;;;;;;;;;;;;;;;
oval;овальный;;adjective;Форма;;;;;;;;;;;;;;;;;;;;;
round;круглый;;adjective;Форма;;;;;;;;;;;;;;;;;;;;;
hot;горячий;;adjective;Температура;;;;;;;;;;;;;;;;;;;;;
warm;теплый;;adjective;Температура;;;;;;;;;;;;;;;;;;;;;
cool;прохладный;;adjective;Температура;;;;;;;;;;;;;;;;;;;;;
cold;холодный;;adjective;Температура;;;;;;;;;;;;;;;;;;;;;
good;хороший;;adjective;Оценка и описание чего-то / кого-то;;;;;;;;;;;;;;;;;;;;;
bad;плохой;;adjective;Оценка и описание чего-то / кого-то;;;;;;;;;;;;;;;;;;;;;
interesting;интересный;;adjective;Оценка и описание чего-то / кого-то;;;;;;;;;;;;;;;;;;;;;
boring;надоедливый;;adjective;Оценка и описание чего-то / кого-то;;;;;;;;;;;;;;;;;;;;;
pleasant;приятный;;adjective;Оценка и описание чего-то / кого-то;;;;;;;;;;;;;;;;;;;;;
unpleasant;неприятный;;adjective;Оценка и описание чего-то / кого-то;;;;;;;;;;;;;;;;;;;;;
excellent;отличный;;adjective;Оценка и описание чего-то / кого-то;;;;;;;;;;;;;;;;;;;;;
perfect;совершенный;;adjective;Оценка и описание чего-то / кого-то;;;;;;;;;;;;;;;;;;;;;
abominable;отвратительный;;adjective;Оценка и описание чего-то / кого-то;;;;;;;;;;;;;;;;;;;;;
beautiful;красивый;;adjective;Оценка и описание чего-то / кого-то;;;;;;;;;;;;;;;;;;;;;
nice;милый;;adjective;Оценка и описание чего-то / кого-то;;;;;;;;;;;;;;;;;;;;;
attractive;привлекательный;;adjective;Оценка и описание чего-то / кого-то;;;;;;;;;;;;;;;;;;;;;
kind;добрый;;adjective;Оценка и описание чего-то / кого-то;;;;;;;;;;;;;;;;;;;;;
hostile;враждебный;;adjective;Оценка и описание чего-то / кого-то;;;;;;;;;;;;;;;;;;;;;
gentle/polite;вежливый, воспитанный;;adjective;Оценка и описание чего-то / кого-то;;;;;;;;;;;;;;;;;;;;;
rude;грубый;;adjective;Оценка и описание чего-то / кого-то;;;;;;;;;;;;;;;;;;;;;
generous;щедрый;;adjective;Оценка и описание чего-то / кого-то;;;;;;;;;;;;;;;;;;;;;
excited;взволнованный, возбужденный;;adjective;Оценка и описание чего-то / кого-то;;;;;;;;;;;;;;;;;;;;;
frightened/scred;испуганный;;adjective;Оценка и описание чего-то / кого-то;;;;;;;;;;;;;;;;;;;;;
astonished/surpised;удивленный;;adjective;Оценка и описание чего-то / кого-то;;;;;;;;;;;;;;;;;;;;;
angry;сердитый;;adjective;Оценка и описание чего-то / кого-то;;;;;;;;;;;;;;;;;;;;;
sensitive;чувствительный;;adjective;Оценка и описание чего-то / кого-то;;;;;;;;;;;;;;;;;;;;;
indifferent;безразличный;;adjective;Оценка и описание чего-то / кого-то;;;;;;;;;;;;;;;;;;;;;
hard-hearted;черствый;;adjective;Оценка и описание чего-то / кого-то;;;;;;;;;;;;;;;;;;;;;
good-hearted;добросердечный;;adjective;Оценка и описание чего-то / кого-то;;;;;;;;;;;;;;;;;;;;;
necessary;необходимый;;adjective;Категории;;;;;;;;;;;;;;;;;;;;;
possible;возможный;;adjective;Категории;;;;;;;;;;;;;;;;;;;;;
desirable;желательный;;adjective;Категории;;;;;;;;;;;;;;;;;;;;;
occasional;случайный ;;adjective;Категории;;;;;;;;;;;;;;;;;;;;;
huge;огромный;;adjective;Размер;;;;;;;;;;;;;;;;;;;;;
big/large;большой;;adjective;Размер;;;;;;;;;;;;;;;;;;;;;
medium;средний;;adjective;Размер;;;;;;;;;;;;;;;;;;;;;
small;маленький;;adjective;Размер;;;;;;;;;;;;;;;;;;;;;
long;длинный;;adjective;Размер;;;;;;;;;;;;;;;;;;;;;
short;короткий;;adjective;Размер;;;;;;;;;;;;;;;;;;;;;
wide;широкий;;adjective;Размер;;;;;;;;;;;;;;;;;;;;;
narrow;узкий;;adjective;Размер;;;;;;;;;;;;;;;;;;;;;
high/tall;высокий;;adjective;Размер;;;;;;;;;;;;;;;;;;;;;
low;низкий;;adjective;Размер;;;;;;;;;;;;;;;;;;;;;
deep;глубокий;;adjective;Размер;;;;;;;;;;;;;;;;;;;;;
shallow;мелкий (о глубине);;adjective;Размер;;;;;;;;;;;;;;;;;;;;;
thick;толстый;;adjective;Размер;;;;;;;;;;;;;;;;;;;;;
thin;тонкий;;adjective;Размер;;;;;;;;;;;;;;;;;;;;;
far;далекий;;adjective;Размер;;;;;;;;;;;;;;;;;;;;;
near;близкий;;adjective;Размер;;;;;;;;;;;;;;;;;;;;;
dry;сухой;;adjective;Влажность;;;;;;;;;;;;;;;;;;;;;
wet;мокрый;;adjective;Влажность;;;;;;;;;;;;;;;;;;;;;
humid;влажный;;adjective;Влажность;;;;;;;;;;;;;;;;;;;;;
calm;спокойный;;adjective;Настроение;;;;;;;;;;;;;;;;;;;;;
angry;злой;;adjective;Настроение;;;;;;;;;;;;;;;;;;;;;
sad;печальный;;adjective;Настроение;;;;;;;;;;;;;;;;;;;;;
lonely;одинокий;;adjective;Настроение;;;;;;;;;;;;;;;;;;;;;
happy;счастливый;;adjective;Настроение;;;;;;;;;;;;;;;;;;;;;
talkative;разговорчивый;;adjective;О человеке;;;;;;;;;;;;;;;;;;;;;
sociable;общительный;;adjective;О человеке;;;;;;;;;;;;;;;;;;;;;
disobedient;непослушный;;adjective;О человеке;;;;;;;;;;;;;;;;;;;;;
strict;строгий;;adjective;О человеке;;;;;;;;;;;;;;;;;;;;;
mild;мягкий;;adjective;О человеке;;;;;;;;;;;;;;;;;;;;;
reliable;надежный;;adjective;О человеке;;;;;;;;;;;;;;;;;;;;;
brave;храбрый;;adjective;О человеке;;;;;;;;;;;;;;;;;;;;;
reasonable;разумный;;adjective;О человеке;;;;;;;;;;;;;;;;;;;;;
cautious;осторожный;;adjective;О человеке;;;;;;;;;;;;;;;;;;;;;
clever;умный;;adjective;О человеке;;;;;;;;;;;;;;;;;;;;;
intelligent;умный, знающий;;adjective;О человеке;;;;;;;;;;;;;;;;;;;;;
talented;талантливый;;adjective;О человеке;;;;;;;;;;;;;;;;;;;;;
silly, stupid;глупый, тупой;;adjective;О человеке;;;;;;;;;;;;;;;;;;;;;
mad;сумасшедший/безумный;;adjective;О человеке;;;;;;;;;;;;;;;;;;;;;
crazy;сумасшедший / чокнутый;;adjective;О человеке;;;;;;;;;;;;;;;;;;;;;
diligent;прилежный / усердный;;adjective;О человеке;;;;;;;;;;;;;;;;;;;;;
lazy;ленивый;;adjective;О человеке;;;;;;;;;;;;;;;;;;;;;
high-quality;качественный;;adjective;Качество;;;;;;;;;;;;;;;;;;;;;
similar;похожий;;adjective;Качество;;;;;;;;;;;;;;;;;;;;;
different;различный;;adjective;Качество;;;;;;;;;;;;;;;;;;;;;
the same;тот же самый;;adjective;Качество;;;;;;;;;;;;;;;;;;;;;
main;главный;;adjective;Качество;;;;;;;;;;;;;;;;;;;;;
important;важный;;adjective;Качество;;;;;;;;;;;;;;;;;;;;;
insignificant;незначительный;;adjective;Качество;;;;;;;;;;;;;;;;;;;;;
tasty;вкусный;;adjective;На вкус;;;;;;;;;;;;;;;;;;;;;
tasteless;безвкусный;;adjective;На вкус;;;;;;;;;;;;;;;;;;;;;
sour;кислый;;adjective;На вкус;;;;;;;;;;;;;;;;;;;;;
salty;соленый;;adjective;На вкус;;;;;;;;;;;;;;;;;;;;;
bitter;горький;;adjective;На вкус;;;;;;;;;;;;;;;;;;;;;
sweet;сладкий;;adjective;На вкус;;;;;;;;;;;;;;;;;;;;;
strong;крепкий;;adjective;На вкус;;;;;;;;;;;;;;;;;;;;;
spicy;острый;;adjective;На вкус;;;;;;;;;;;;;;;;;;;;;
loud;громкий;;adjective;На слух;;;;;;;;;;;;;;;;;;;;;
quiet;тихий;;adjective;На слух;;;;;;;;;;;;;;;;;;;;;
noisy;шумный;;adjective;На слух;;;;;;;;;;;;;;;;;;;;;
sharp;резкий;;adjective;На слух;;;;;;;;;;;;;;;;;;;;;
pleasant;приятный;;adjective;На слух;;;;;;;;;;;;;;;;;;;;;
aromatic;ароматный;;adjective;На запах;;;;;;;;;;;;;;;;;;;;;
specific;специфический;;adjective;На запах;;;;;;;;;;;;;;;;;;;;;
smelly;неприятно пахнущий;;adjective;На запах;;;;;;;;;;;;;;;;;;;;;
short;короткий;;adjective;Характеристики;;;;;;;;;;;;;;;;;;;;;
fast, quick;быстрый;;adjective;Характеристики;;;;;;;;;;;;;;;;;;;;;
slow;медленный;;adjective;Характеристики;;;;;;;;;;;;;;;;;;;;;
early;ранний;;adjective;Характеристики;;;;;;;;;;;;;;;;;;;;;
late;поздний;;adjective;Характеристики;;;;;;;;;;;;;;;;;;;;;
old;старый;;adjective;Характеристики;;;;;;;;;;;;;;;;;;;;;
new;новый;;adjective;Характеристики;;;;;;;;;;;;;;;;;;;;;
young;молодой;;adjective;Характеристики;;;;;;;;;;;;;;;;;;;;;
adult;взрослый;;adjective;Характеристики;;;;;;;;;;;;;;;;;;;;;
correct;правильный;;adjective;Соответствие;;;;;;;;;;;;;;;;;;;;;
wrong;неправильный;;adjective;Соответствие;;;;;;;;;;;;;;;;;;;;;
absurd;абсурдный;;adjective;Соответствие;;;;;;;;;;;;;;;;;;;;;
legal;законный;;adjective;Соответствие;;;;;;;;;;;;;;;;;;;;;
illegal;незаконный;;adjective;Соответствие;;;;;;;;;;;;;;;;;;;;;
standard;стандартный;;adjective;Соответствие;;;;;;;;;;;;;;;;;;;;;
suitable, appropriate ;подходящий;;adjective;Соответствие;;;;;;;;;;;;;;;;;;;;;
acceptable;приемлемый;;adjective;Соответствие;;;;;;;;;;;;;;;;;;;;;
satisfactory;удовлетворительный;;adjective;Соответствие;;;;;;;;;;;;;;;;;;;;;
advantageous;выгодный;;adjective;Соответствие;;;;;;;;;;;;;;;;;;;;;
disadvantageous;невыгодный;;adjective;Соответствие;;;;;;;;;;;;;;;;;;;;;
useful;полезный;;adjective;Соответствие;;;;;;;;;;;;;;;;;;;;;
useless;бесполезный;;adjective;Соответствие;;;;;;;;;;;;;;;;;;;;;
harmful;вредный;;adjective;Соответствие;;;;;;;;;;;;;;;;;;;;;
harmless;безвредный;;adjective;Соответствие;;;;;;;;;;;;;;;;;;;;;
cheap;дешевый;;adjective;Соответствие;;;;;;;;;;;;;;;;;;;;;
expensive;дорогой;;adjective;Соответствие;;;;;;;;;;;;;;;;;;;;;
free of charge;бесплатный;;adjective;Соответствие;;;;;;;;;;;;;;;;;;;;;
ancient;древний;;adjective;Стадии;;;;;;;;;;;;;;;;;;;;;
past;прошлый;;adjective;Стадии;;;;;;;;;;;;;;;;;;;;;
present;настоящий;;adjective;Стадии;;;;;;;;;;;;;;;;;;;;;
future;будущий;;adjective;Стадии;;;;;;;;;;;;;;;;;;;;;
previous;предыдущий;;adjective;Стадии;;;;;;;;;;;;;;;;;;;;;
recent;недавний;;adjective;Стадии;;;;;;;;;;;;;;;;;;;;;
next;следующий;;adjective;Стадии;;;;;;;;;;;;;;;;;;;;;
following;следующий;;adjective;Стадии;;;;;;;;;;;;;;;;;;;;;
the first;первый;;adjective;Стадии;;;;;;;;;;;;;;;;;;;;;
the last;последний;;adjective;Стадии;;;;;;;;;;;;;;;;;;;;;
constant;постоянный;;adjective;Характер действия / частота;;;;;;;;;;;;;;;;;;;;;
continuous;длящийся;;adjective;Характер действия / частота;;;;;;;;;;;;;;;;;;;;;
uninterrupted;непрерывный, бесперебойный;;adjective;Характер действия / частота;;;;;;;;;;;;;;;;;;;;;
infrequent;нечастый;;adjective;Характер действия / частота;;;;;;;;;;;;;;;;;;;;;
frequent;частый;;adjective;Характер действия / частота;;;;;;;;;;;;;;;;;;;;;
sudden;внезапный;;adjective;Характер действия / частота;;;;;;;;;;;;;;;;;;;;;
urgent;срочный;;adjective;Характер действия / частота;;;;;;;;;;;;;;;;;;;;;
usual;обычный;;adjective;Характер действия / частота;;;;;;;;;;;;;;;;;;;;;
interrupted;прерванный;;adjective;Характер действия / частота;;;;;;;;;;;;;;;;;;;;;
decent;приличный;;adjective;Моральные качества	;;;;;;;;;;;;;;;;;;;;;
honest;честный;;adjective;Моральные качества	;;;;;;;;;;;;;;;;;;;;;
fair;честный /справедливый;;adjective;Моральные качества	;;;;;;;;;;;;;;;;;;;;;
sincere;искренний;;adjective;Моральные качества	;;;;;;;;;;;;;;;;;;;;;
dishonest;нечестный;;adjective;Моральные качества	;;;;;;;;;;;;;;;;;;;;;
innocent;невиновный;;adjective;Моральные качества	;;;;;;;;;;;;;;;;;;;;;
guilty;виновный;;adjective;Моральные качества	;;;;;;;;;;;;;;;;;;;;;
criminal;преступный;;adjective;Моральные качества	;;;;;;;;;;;;;;;;;;;;;
healthy;здоровый;;adjective;Здоровье;;;;;;;;;;;;;;;;;;;;;
sick/ill;больной;;adjective;Здоровье;;;;;;;;;;;;;;;;;;;;;
strong;сильный;;adjective;Здоровье;;;;;;;;;;;;;;;;;;;;;
weak;слабый;;adjective;Здоровье;;;;;;;;;;;;;;;;;;;;;
tired;усталый;;adjective;Здоровье;;;;;;;;;;;;;;;;;;;;;
rich;богатый;;adjective;Материальное положение;;;;;;;;;;;;;;;;;;;;;
рооr;бедный;;adjective;Материальное положение;;;;;;;;;;;;;;;;;;;;;
ready;готовый;;adjective;Другое;;;;;;;;;;;;;;;;;;;;;
comfortable/convenient;удобный;;adjective;Другое;;;;;;;;;;;;;;;;;;;;;
free;свободный;;adjective;Другое;;;;;;;;;;;;;;;;;;;;;
vacant;свободный / вакантный;;adjective;Другое;;;;;;;;;;;;;;;;;;;;;
busy;занятый (чем-либо);;adjective;Другое;;;;;;;;;;;;;;;;;;;;;
occupied;занятый (о месте);;adjective;Другое;;;;;;;;;;;;;;;;;;;;;
clean;чистый;;adjective;Другое;;;;;;;;;;;;;;;;;;;;;
dirty;грязный;;adjective;Другое;;;;;;;;;;;;;;;;;;;;;
hungry;голодный;;adjective;Другое;;;;;;;;;;;;;;;;;;;;;
thirsty;жаждущий ;;adjective;Другое;;;;;;;;;;;;;;;;;;;;;
average;средний;;adjective;Другое;;;;;;;;;;;;;;;;;;;;;
sufficient/enough;достаточный;;adjective;Другое;;;;;;;;;;;;;;;;;;;;;
full;полный ;;adjective;Другое;;;;;;;;;;;;;;;;;;;;;